INSERT INTO Teacher (id, name) VALUES
(4, 'Euclid'),
(5, 'Leonhard Euler'),
(6, 'David Hilbert'),
(7, 'Pythagoras'),
(8, 'Archimedes'),
(9, 'Carl Friedrich Gauss'),
(10, 'Pierre de Fermat'),
(11, 'Alan Turing'),
(12, 'John von Neumann'),
(13, 'Tim Berners-Lee'),
(14, 'Bjarne Stroustrup'),
(15, 'Dennis Ritchie'),
(16, 'Ken Thompson'),
(28, 'Edgar F. Codd'),
(17, 'Isaac Newton'),
(18, 'Albert Einstein'),
(19, 'Niels Bohr'),
(20, 'Max Planck'),
(21, 'James Clerk Maxwell'),
(22, 'J. Robert Oppenheimer'),
(23, 'Marie Curie'),
(24, 'Robert Boyle'),
(25, 'John Dalton'),
(26, 'Michael Faraday'),
(27, 'Robert Bunsen');

INSERT INTO Course (id, subject, number, title, credit_hours, teacher_id) VALUES
(6, 'MATH', 16600, 'Analytic Geometry and Calculus II', 4.000, 17),
(7, 'MATH', 26100, 'Multivariate Calculus', 4.000, 5),
(8, 'MATH', 26600, 'Ordinary Differential Equations', 3.000, 17),
(9, 'MATH', 30000, 'Logic and the Foundations of Algebra', 3.000, 8),
(10, 'MATH', 35100, 'Elementary Linear Algebra', 3.000, 6),
(11, 'MATH', 41400, 'Numerical Methods', 3.000, 9),
(12, 'MATH', 44400, 'Real Analysis I', 3.000, 6),
(13, 'MATH', 44500, 'Real Analysis II', 3.000, 6),
(14, 'MATH', 45300, 'Elementary Abstract Algebra', 3.000, 10),
(15, 'MATH', 46200, 'Elementary Differential Geometry', 3.000, 9),
(16, 'MATH', 52300, 'Introduction to Partial Differential Equations', 3.000, 21),
(17, 'MATH', 52500, 'Introduction to Complex Analysis', 3.000, 10),
(20, 'PHYS', 15200, 'Mechanics', 4.000, 17),
(21, 'PHYS', 20000, 'General Physics', 4.000, 6),
(22, 'PHYS', 24100, 'Electricity and Optics', 3.000, 21),
(23, 'PHYS', 25100, 'Heat, Electricity and Optics', 5.000, 21),
(24, 'PHYS', 29900, 'Introduction to Computational Physics', 3.000, 6),
(25, 'PHYS', 30400, 'Relativity I', 4.000, 18),
(26, 'PHYS', 31100, 'Quantum Physics I', 4.000, 20),
(27, 'PHYS', 34000, 'Modern Physics', 4.000, 19),
(28, 'PHYS', 34800, 'Nuclear Physics', 3.000, 22),
(29, 'PHYS', 40400, 'Relativity II', 4.000, 18),
(30, 'PHYS', 40500, 'Atomic and Molecular Physics', 3.000, 19),
(31, 'PHYS', 41200, 'Quantum Physics II', 4.000, 20),
(32, 'PHYS', 41800, 'Thermal and Statistical Physics', 4.000, 22),
(33, 'PHYS', 42200, 'Waves and Oscillations', 3.000, 22),
(34, 'PHYS', 42400, 'Nonlinear Optics', 3.000, 17),
(35, 'PHYS', 44200, 'Quantum Mechanics', 5.000, 20),
(36, 'PHYS', 44300, 'Quantum Computing and Cryptography', 3.000, 11),
(37, 'PHYS', 44900, 'Neutron Physics', 3.000, 19),
(38, 'PHYS', 51100, 'Laser Physics', 3.000, 18),
(39, 'CHEM', 10500, 'General Chemistry I', 3.000, 24),
(40, 'CHEM', 10600, 'General Chemistry II', 3.000, 25),
(41, 'CHEM', 12500, 'Experimental Chemistry I', 4.000, 27),
(42, 'CHEM', 12600, 'Experimental Chemistry II', 4.000, 23),
(43, 'CHEM', 31000, 'Analytical Chemistry', 3.000, 23),
(44, 'CHEM', 34100, 'Organic Chemistry I', 4.000, 24),
(45, 'CHEM', 34200, 'Organic Chemistry II', 4.000, 25),
(46, 'CHEM', 41000, 'Principles of Chemical Instrumentation', 3.000, 26),
(47, 'CHEM', 34300, 'Inorganic Chemistry', 4.000, 27),
(48, 'CHEM', 22200, 'Biochemistry', 3.000, 2),
(49, 'CHEM', 35100, 'Nuclear Chemistry', 4.000, 23),
(50, 'CHEM', 21000, 'Environmental Chemistry', 3.000, 23),
(51, 'CHEM', 23200, 'Introduction to Material Science', 4.000, 26),
(52, 'CS', 14000, 'Introduction to Cybersecurity', 3.000, 1),
(53, 'CS', 15000, 'Introduction to Programming I', 4.000, 16),
(54, 'CS', 15100, 'Introduction to Programming II', 4.000, 16),
(55, 'CS', 17500, 'C/C++ Programming', 4.000, 14),
(56, 'CS', 34000, 'Discrete Computational Structures', 5.000, 11),
(57, 'CS', 36200, 'Data Structures and Algorithms', 4.000, 11),
(58, 'CS', 44300, 'Database Systems', 4.000, 28),
(59, 'CS', 36300, 'Principles of Software Design', 4.000, 28),
(60, 'CS', 40200, 'Architecture of Computers', 5.000, 12),
(61, 'CS', 40300, 'Operating Systems', 5.000, 12),
(62, 'CS', 43600, 'Introduction to Computer Networking', 4.000, 13),
(63, 'CS', 43700, 'Computer Graphics', 4.000, 15),
(64, 'CS', 45000, 'Principles of Software Engineering', 4.000, 14),
(65, 'CS', 48100, 'Data Mining and Machine Learning', 5.000, 15),
(66, 'CS', 48400, 'Theory of Computation', 5.000, 11),
(67, 'CS', 48700, 'Artificial Intelligence', 4.000, 11),
(68, 'MATH', 11000, 'Fundamentals of Algebra', 4.000, 7),
(69, 'MATH', 15100, 'Algebra and Trigonometry', 4.000, 5),
(70, 'MATH', 15400, 'Trigonometry', 3.000, 5),
(71, 'MATH', 14200, 'Geometry', 4.000, 4),
(72, 'MATH', 15900, 'Pre-calculus', 5.000, 5),
(73, 'MATH', 16500, 'Analytic Geometry and Calculus I', 4.000, 17);

INSERT INTO Student (id, name, email) VALUES
(4, 'Raymond Welsh', 'rwelsh@email.com'),
(5, 'Maya Lam', 'mlam@email.com'),
(6, 'Mae Garza', 'mgarza@email.com'),
(7, 'Eve Henry', 'ehenry@email.com'),
(8, 'Gracie Webster', 'gwebster@email.com'),
(9, 'Angus Khan', 'akhan@email.com'),
(10, 'Rodney Frazier', 'rfrazier@email.com'),
(11, 'Calum Jensen', 'cjensen@email.com'),
(12, 'Stephanie Carson', 'scarson@email.com'),
(13, 'Ricardo George', 'rgeorge@email.com'),
(14, 'Trey Gregory', 'tgregory@email.com'),
(15, 'Tommy Barton', 'tbarton@email.com');